{
  "0": {
    "1": -51.30402808072,
    "2": -56.113988311976826,
    "3": -61.924646458484915,
    "4": -60.99694388657713,
    "5": -50.24241361679043,
    "6": -56.69807307934883,
    "7": -46.87501666255812
  },
  "1": {
    "0": -51.30402808072,
    "2": -66.99164225252997,
    "3": -56.299117448321155,
    "4": -69.22290036396964,
    "5": -72.94675801805195,
    "6": -42.6235630389245,
    "7": -44.7433445012788
  },
  "2": {
    "0": -56.113988311976826,
    "1": -66.99164225252997,
    "3": -77.22765068835251,
    "4": -59.54314290583147,
    "5": -56.43684166562268,
    "6": -67.51600096516499,
    "7": -60.16078521070139
  },
  "3": {
    "0": -61.924646458484915,
    "1": -56.299117448321155,
    "2": -77.22765068835251,
    "4": -68.00500672312741,
    "5": -59.54967317205492,
    "6": -47.288808418304704,
    "7": -59.02356737205251
  },
  "4": {
    "0": -60.99694388657713,
    "1": -69.22290036396964,
    "2": -59.54314290583147,
    "3": -68.00500672312741,
    "5": -44.25886284339269,
    "6": -74.7708917343576,
    "7": -69.16525013057885
  },
  "5": {
    "0": -50.24241361679043,
    "1": -72.94675801805195,
    "2": -56.43684166562268,
    "3": -59.54967317205492,
    "4": -44.25886284339269,
    "6": -70.82975432449537,
    "7": -61.67287143224132
  },
  "6": {
    "0": -56.69807307934883,
    "1": -42.6235630389245,
    "2": -67.51600096516499,
    "3": -47.288808418304704,
    "4": -74.7708917343576,
    "5": -70.82975432449537,
    "7": -51.90818741060576
  },
  "7": {
    "0": -46.87501666255812,
    "1": -44.7433445012788,
    "2": -60.16078521070139,
    "3": -59.02356737205251,
    "4": -69.16525013057885,
    "5": -61.67287143224132,
    "6": -51.90818741060576
  }
}