{
  "Bedroom 1_436_820": {
    "Master Bedroom_379_537": -46.90492019973935,
    "Entrance_671_240": -63.5018427757383,
    "Living Room_643_575": -46.260312473025635,
    "Kitchen_935_355": -59.50773468311391,
    "Hallway_1326_338": -72.55749800772165,
    "Office_1137_214": -64.49828837472991,
    "Bedroom 2_1357_208": -68.39269762053532,
    "Bedroom 3_1634_216": -85.63089495676545,
    "Bedroom 5_1382_467": -71.88142123397502,
    "Bedroom 4_1640_464": -74.79965251855353,
    "router": -67.08459151784287
  },
  "Master Bedroom_379_537": {
    "Bedroom 1_436_820": -46.90492019973935,
    "Entrance_671_240": -58.6969469032441,
    "Living Room_643_575": -46.901460681280675,
    "Kitchen_935_355": -63.677842807913365,
    "Hallway_1326_338": -69.89853692882978,
    "Office_1137_214": -69.03836994099109,
    "Bedroom 2_1357_208": -72.48956071486965,
    "Bedroom 3_1634_216": -80.32939274884308,
    "Bedroom 5_1382_467": -69.07151671681447,
    "Bedroom 4_1640_464": -73.22332667025613,
    "router": -56.79210930544767
  },
  "Entrance_671_240": {
    "Bedroom 1_436_820": -63.5018427757383,
    "Master Bedroom_379_537": -58.6969469032441,
    "Living Room_643_575": -49.624628581915104,
    "Kitchen_935_355": -46.601659307700444,
    "Hallway_1326_338": -57.54385010021669,
    "Office_1137_214": -58.013425317059884,
    "Bedroom 2_1357_208": -64.79439519011981,
    "Bedroom 3_1634_216": -68.16372172370308,
    "Bedroom 5_1382_467": -65.68339871487461,
    "Bedroom 4_1640_464": -71.5006182880241,
    "router": -52.070228920666764
  },
  "Living Room_643_575": {
    "Bedroom 1_436_820": -46.260312473025635,
    "Master Bedroom_379_537": -46.901460681280675,
    "Entrance_671_240": -49.624628581915104,
    "Kitchen_935_355": -45.570478948597696,
    "Hallway_1326_338": -64.42577930320897,
    "Office_1137_214": -55.493698405883606,
    "Bedroom 2_1357_208": -58.40115486036217,
    "Bedroom 3_1634_216": -73.62391571289858,
    "Bedroom 5_1382_467": -61.49789361887501,
    "Bedroom 4_1640_464": -72.434851308363,
    "router": -54.35966815163364
  },
  "Kitchen_935_355": {
    "Bedroom 1_436_820": -59.50773468311391,
    "Master Bedroom_379_537": -63.677842807913365,
    "Entrance_671_240": -46.601659307700444,
    "Living Room_643_575": -45.570478948597696,
    "Hallway_1326_338": -47.717871392913175,
    "Office_1137_214": -42.66596551032232,
    "Bedroom 2_1357_208": -54.173532669740865,
    "Bedroom 3_1634_216": -61.81708185500588,
    "Bedroom 5_1382_467": -58.123274361681794,
    "Bedroom 4_1640_464": -64.95500811614843,
    "router": -44.693554263546446
  },
  "Hallway_1326_338": {
    "Bedroom 1_436_820": -72.55749800772165,
    "Master Bedroom_379_537": -69.89853692882978,
    "Entrance_671_240": -57.54385010021669,
    "Living Room_643_575": -64.42577930320897,
    "Kitchen_935_355": -47.717871392913175,
    "Office_1137_214": -49.51295981975795,
    "Bedroom 2_1357_208": -38.47532991250168,
    "Bedroom 3_1634_216": -54.89428643950673,
    "Bedroom 5_1382_467": -40.6497135807396,
    "Bedroom 4_1640_464": -51.81610172845558,
    "router": -55.95242517118837
  },
  "Office_1137_214": {
    "Bedroom 1_436_820": -64.49828837472991,
    "Master Bedroom_379_537": -69.03836994099109,
    "Entrance_671_240": -58.013425317059884,
    "Living Room_643_575": -55.493698405883606,
    "Kitchen_935_355": -42.66596551032232,
    "Hallway_1326_338": -49.51295981975795,
    "Bedroom 2_1357_208": -47.380707874907806,
    "Bedroom 3_1634_216": -52.82222443049373,
    "Bedroom 5_1382_467": -56.41602449888437,
    "Bedroom 4_1640_464": -64.55150420701244,
    "router": -53.51799985029294
  },
  "Bedroom 2_1357_208": {
    "Bedroom 1_436_820": -68.39269762053532,
    "Master Bedroom_379_537": -72.48956071486965,
    "Entrance_671_240": -64.79439519011981,
    "Living Room_643_575": -58.40115486036217,
    "Kitchen_935_355": -54.173532669740865,
    "Hallway_1326_338": -38.47532991250168,
    "Office_1137_214": -47.380707874907806,
    "Bedroom 3_1634_216": -47.27793658921239,
    "Bedroom 5_1382_467": -49.44916996833082,
    "Bedroom 4_1640_464": -54.56531382479224,
    "router": -59.226306524570006
  },
  "Bedroom 3_1634_216": {
    "Bedroom 1_436_820": -85.63089495676545,
    "Master Bedroom_379_537": -80.32939274884308,
    "Entrance_671_240": -68.16372172370308,
    "Living Room_643_575": -73.62391571289858,
    "Kitchen_935_355": -61.81708185500588,
    "Hallway_1326_338": -54.89428643950673,
    "Office_1137_214": -52.82222443049373,
    "Bedroom 2_1357_208": -47.27793658921239,
    "Bedroom 5_1382_467": -55.4931651151595,
    "Bedroom 4_1640_464": -47.72098410182733,
    "router": -67.27536186824496
  },
  "Bedroom 5_1382_467": {
    "Bedroom 1_436_820": -71.88142123397502,
    "Master Bedroom_379_537": -69.07151671681447,
    "Entrance_671_240": -65.68339871487461,
    "Living Room_643_575": -61.49789361887501,
    "Kitchen_935_355": -58.123274361681794,
    "Hallway_1326_338": -40.6497135807396,
    "Office_1137_214": -56.41602449888437,
    "Bedroom 2_1357_208": -49.44916996833082,
    "Bedroom 3_1634_216": -55.4931651151595,
    "Bedroom 4_1640_464": -46.474182262271825,
    "router": -50.7229958401405
  },
  "Bedroom 4_1640_464": {
    "Bedroom 1_436_820": -74.79965251855353,
    "Master Bedroom_379_537": -73.22332667025613,
    "Entrance_671_240": -71.5006182880241,
    "Living Room_643_575": -72.434851308363,
    "Kitchen_935_355": -64.95500811614843,
    "Hallway_1326_338": -51.81610172845558,
    "Office_1137_214": -64.55150420701244,
    "Bedroom 2_1357_208": -54.56531382479224,
    "Bedroom 3_1634_216": -47.72098410182733,
    "Bedroom 5_1382_467": -46.474182262271825,
    "router": -59.58366296432945
  },
  "router": {
    "Bedroom 1_436_820": -67.08459151784287,
    "Master Bedroom_379_537": -56.79210930544767,
    "Entrance_671_240": -52.070228920666764,
    "Living Room_643_575": -54.35966815163364,
    "Kitchen_935_355": -44.693554263546446,
    "Hallway_1326_338": -55.95242517118837,
    "Office_1137_214": -53.51799985029294,
    "Bedroom 2_1357_208": -59.226306524570006,
    "Bedroom 3_1634_216": -67.27536186824496,
    "Bedroom 5_1382_467": -50.7229958401405,
    "Bedroom 4_1640_464": -59.58366296432945
  }
}