{
  "Bedroom 1_436_820": {
    "Master Bedroom_379_537": -49.62106765207341,
    "Entrance_671_240": -64.98262818841717,
    "Living Room_643_575": -50.829844744504086,
    "Kitchen_935_355": -60.61855943918742,
    "Hallway_1326_338": -72.69985083703412,
    "Office_1137_214": -66.83278505711681,
    "Bedroom 2_1357_208": -74.13001377780677,
    "Bedroom 3_1634_216": -87.90387469064538,
    "Bedroom 5_1382_467": -76.09935316846818,
    "Bedroom 4_1640_464": -76.4299079270305,
    "router": -71.70792542170919
  },
  "Master Bedroom_379_537": {
    "Bedroom 1_436_820": -49.62106765207341,
    "Entrance_671_240": -53.356234212966825,
    "Living Room_643_575": -47.79275195175052,
    "Kitchen_935_355": -63.00730751054475,
    "Hallway_1326_338": -69.0984471367684,
    "Office_1137_214": -65.36334077597624,
    "Bedroom 2_1357_208": -72.92253104600877,
    "Bedroom 3_1634_216": -75.5167461835074,
    "Bedroom 5_1382_467": -71.34376193644847,
    "Bedroom 4_1640_464": -75.1315962838638,
    "router": -63.131111269702686
  },
  "Entrance_671_240": {
    "Bedroom 1_436_820": -64.98262818841717,
    "Master Bedroom_379_537": -53.356234212966825,
    "Living Room_643_575": -52.76762815285451,
    "Kitchen_935_355": -49.09596357408728,
    "Hallway_1326_338": -61.07091208098099,
    "Office_1137_214": -53.72913543771155,
    "Bedroom 2_1357_208": -68.29041704517678,
    "Bedroom 3_1634_216": -70.28372458269875,
    "Bedroom 5_1382_467": -66.63608795366034,
    "Bedroom 4_1640_464": -71.68430619855882,
    "router": -58.31886081882524
  },
  "Living Room_643_575": {
    "Bedroom 1_436_820": -50.829844744504086,
    "Master Bedroom_379_537": -47.79275195175052,
    "Entrance_671_240": -52.76762815285451,
    "Kitchen_935_355": -47.69759896259827,
    "Hallway_1326_338": -59.19441148326152,
    "Office_1137_214": -56.6617266505565,
    "Bedroom 2_1357_208": -62.13392982507207,
    "Bedroom 3_1634_216": -74.2485345195885,
    "Bedroom 5_1382_467": -63.78575218189759,
    "Bedroom 4_1640_464": -65.3002243276293,
    "router": -52.638454212615386
  },
  "Kitchen_935_355": {
    "Bedroom 1_436_820": -60.61855943918742,
    "Master Bedroom_379_537": -63.00730751054475,
    "Entrance_671_240": -49.09596357408728,
    "Living Room_643_575": -47.69759896259827,
    "Hallway_1326_338": -47.92144755501908,
    "Office_1137_214": -45.189653897553235,
    "Bedroom 2_1357_208": -55.6927229281836,
    "Bedroom 3_1634_216": -62.12362377213944,
    "Bedroom 5_1382_467": -58.883295759498196,
    "Bedroom 4_1640_464": -68.2952144565114,
    "router": -46.32866253724779
  },
  "Hallway_1326_338": {
    "Bedroom 1_436_820": -72.69985083703412,
    "Master Bedroom_379_537": -69.0984471367684,
    "Entrance_671_240": -61.07091208098099,
    "Living Room_643_575": -59.19441148326152,
    "Kitchen_935_355": -47.92144755501908,
    "Office_1137_214": -49.73451509469642,
    "Bedroom 2_1357_208": -36.56870493251868,
    "Bedroom 3_1634_216": -53.203894819795494,
    "Bedroom 5_1382_467": -42.116056286046785,
    "Bedroom 4_1640_464": -51.50440714716747,
    "router": -54.11382143106634
  },
  "Office_1137_214": {
    "Bedroom 1_436_820": -66.83278505711681,
    "Master Bedroom_379_537": -65.36334077597624,
    "Entrance_671_240": -53.72913543771155,
    "Living Room_643_575": -56.6617266505565,
    "Kitchen_935_355": -45.189653897553235,
    "Hallway_1326_338": -49.73451509469642,
    "Bedroom 2_1357_208": -43.39960897397329,
    "Bedroom 3_1634_216": -58.64340470606125,
    "Bedroom 5_1382_467": -53.76490792105237,
    "Bedroom 4_1640_464": -64.53314441534279,
    "router": -52.15042072301276
  },
  "Bedroom 2_1357_208": {
    "Bedroom 1_436_820": -74.13001377780677,
    "Master Bedroom_379_537": -72.92253104600877,
    "Entrance_671_240": -68.29041704517678,
    "Living Room_643_575": -62.13392982507207,
    "Kitchen_935_355": -55.6927229281836,
    "Hallway_1326_338": -36.56870493251868,
    "Office_1137_214": -43.39960897397329,
    "Bedroom 3_1634_216": -50.66047645298451,
    "Bedroom 5_1382_467": -44.22250783201696,
    "Bedroom 4_1640_464": -53.77575565373132,
    "router": -55.980203837496646
  },
  "Bedroom 3_1634_216": {
    "Bedroom 1_436_820": -87.90387469064538,
    "Master Bedroom_379_537": -75.5167461835074,
    "Entrance_671_240": -70.28372458269875,
    "Living Room_643_575": -74.2485345195885,
    "Kitchen_935_355": -62.12362377213944,
    "Hallway_1326_338": -53.203894819795494,
    "Office_1137_214": -58.64340470606125,
    "Bedroom 2_1357_208": -50.66047645298451,
    "Bedroom 5_1382_467": -53.94385660928768,
    "Bedroom 4_1640_464": -44.635393755978356,
    "router": -67.64924819092234
  },
  "Bedroom 5_1382_467": {
    "Bedroom 1_436_820": -76.09935316846818,
    "Master Bedroom_379_537": -71.34376193644847,
    "Entrance_671_240": -66.63608795366034,
    "Living Room_643_575": -63.78575218189759,
    "Kitchen_935_355": -58.883295759498196,
    "Hallway_1326_338": -42.116056286046785,
    "Office_1137_214": -53.76490792105237,
    "Bedroom 2_1357_208": -44.22250783201696,
    "Bedroom 3_1634_216": -53.94385660928768,
    "Bedroom 4_1640_464": -47.58453203698244,
    "router": -48.46057107809524
  },
  "Bedroom 4_1640_464": {
    "Bedroom 1_436_820": -76.4299079270305,
    "Master Bedroom_379_537": -75.1315962838638,
    "Entrance_671_240": -71.68430619855882,
    "Living Room_643_575": -65.3002243276293,
    "Kitchen_935_355": -68.2952144565114,
    "Hallway_1326_338": -51.50440714716747,
    "Office_1137_214": -64.53314441534279,
    "Bedroom 2_1357_208": -53.77575565373132,
    "Bedroom 3_1634_216": -44.635393755978356,
    "Bedroom 5_1382_467": -47.58453203698244,
    "router": -60.54408307889888
  },
  "router": {
    "Bedroom 1_436_820": -71.70792542170919,
    "Master Bedroom_379_537": -63.131111269702686,
    "Entrance_671_240": -58.31886081882524,
    "Living Room_643_575": -52.638454212615386,
    "Kitchen_935_355": -46.32866253724779,
    "Hallway_1326_338": -54.11382143106634,
    "Office_1137_214": -52.15042072301276,
    "Bedroom 2_1357_208": -55.980203837496646,
    "Bedroom 3_1634_216": -67.64924819092234,
    "Bedroom 5_1382_467": -48.46057107809524,
    "Bedroom 4_1640_464": -60.54408307889888
  }
}