{
  "Bedroom 1_436_820": {
    "Master Bedroom_379_537": {
      "rssi": 76.15714536538746,
      "walls": 1,
      "distance": 4.99784901148237
    },
    "Entrance_671_240": {
      "rssi": 87.08880902199965,
      "walls": 3,
      "distance": 10.834198759747686
    },
    "Living Room_643_575": {
      "rssi": 79.28536053971938,
      "walls": 1,
      "distance": 5.552830387894095
    },
    "Kitchen_935_355": {
      "rssi": 85.39195444640156,
      "walls": 1,
      "distance": 11.808468727969865
    },
    "Hallway_1326_338": {
      "rssi": 92.65683078804575,
      "walls": 4,
      "distance": 17.522717808887855
    },
    "Office_1137_214": {
      "rssi": 90.0214740969082,
      "walls": 2,
      "distance": 16.042291157660465
    },
    "Bedroom 2_1357_208": {
      "rssi": 91.43684486397682,
      "walls": 3,
      "distance": 19.144174579839863
    },
    "Bedroom 3_1634_216": {
      "rssi": 107.09045112815828,
      "walls": 8,
      "distance": 23.227381871957107
    },
    "Bedroom 5_1382_467": {
      "rssi": 100.12491070850518,
      "walls": 5,
      "distance": 17.480769030247068
    },
    "Bedroom 4_1640_464": {
      "rssi": 95.74227657935172,
      "walls": 4,
      "distance": 21.736428944590646
    },
    "router": {
      "rssi": 83.43095759090438,
      "walls": 3,
      "distance": 12.780219984023395
    }
  },
  "Master Bedroom_379_537": {
    "Bedroom 1_436_820": {
      "rssi": 76.15714536538746,
      "walls": 1,
      "distance": 4.99784901148237
    },
    "Entrance_671_240": {
      "rssi": 80.2163438878156,
      "walls": 2,
      "distance": 7.210701862042855
    },
    "Living Room_643_575": {
      "rssi": 73.9755017177497,
      "walls": 1,
      "distance": 4.617623559141358
    },
    "Kitchen_935_355": {
      "rssi": 84.99767761508714,
      "walls": 2,
      "distance": 10.12837255549498
    },
    "Hallway_1326_338": {
      "rssi": 94.46807711589685,
      "walls": 3,
      "distance": 16.75307822032209
    },
    "Office_1137_214": {
      "rssi": 89.05737841100404,
      "walls": 3,
      "distance": 14.264687441856896
    },
    "Bedroom 2_1357_208": {
      "rssi": 94.27519861517273,
      "walls": 4,
      "distance": 17.864066244065764
    },
    "Bedroom 3_1634_216": {
      "rssi": 100.0074370731592,
      "walls": 4,
      "distance": 22.426738224790984
    },
    "Bedroom 5_1382_467": {
      "rssi": 90.39043843132535,
      "walls": 3,
      "distance": 17.406747369244812
    },
    "Bedroom 4_1640_464": {
      "rssi": 95.10058737171568,
      "walls": 4,
      "distance": 21.867704365609107
    },
    "router": {
      "rssi": 82.75936240457841,
      "walls": 1,
      "distance": 12.918937796946492
    }
  },
  "Entrance_671_240": {
    "Bedroom 1_436_820": {
      "rssi": 87.08880902199965,
      "walls": 3,
      "distance": 10.834198759747686
    },
    "Master Bedroom_379_537": {
      "rssi": 80.2163438878156,
      "walls": 2,
      "distance": 7.210701862042855
    },
    "Living Room_643_575": {
      "rssi": 84.01320289045819,
      "walls": 1,
      "distance": 5.819934684786681
    },
    "Kitchen_935_355": {
      "rssi": 76.2413459223379,
      "walls": 2,
      "distance": 4.985329412693832
    },
    "Hallway_1326_338": {
      "rssi": 86.03710315998688,
      "walls": 2,
      "distance": 11.465955861766393
    },
    "Office_1137_214": {
      "rssi": 84.42190579392467,
      "walls": 2,
      "distance": 8.080206022974727
    },
    "Bedroom 2_1357_208": {
      "rssi": 89.484493222944,
      "walls": 3,
      "distance": 11.889338767281671
    },
    "Bedroom 3_1634_216": {
      "rssi": 90.52318224122789,
      "walls": 4,
      "distance": 16.677183708351134
    },
    "Bedroom 5_1382_467": {
      "rssi": 95.40472167176172,
      "walls": 3,
      "distance": 12.921373614417071
    },
    "Bedroom 4_1640_464": {
      "rssi": 93.38678864745329,
      "walls": 3,
      "distance": 17.218282085070076
    },
    "router": {
      "rssi": 86.40060686661084,
      "walls": 1,
      "distance": 9.566523805724604
    }
  },
  "Living Room_643_575": {
    "Bedroom 1_436_820": {
      "rssi": 79.28536053971938,
      "walls": 1,
      "distance": 5.552830387894095
    },
    "Master Bedroom_379_537": {
      "rssi": 73.9755017177497,
      "walls": 1,
      "distance": 4.617623559141358
    },
    "Entrance_671_240": {
      "rssi": 84.01320289045819,
      "walls": 1,
      "distance": 5.819934684786681
    },
    "Kitchen_935_355": {
      "rssi": 78.48517338915352,
      "walls": 0,
      "distance": 6.329491508465806
    },
    "Hallway_1326_338": {
      "rssi": 85.50550228113487,
      "walls": 2,
      "distance": 12.51613952645875
    },
    "Office_1137_214": {
      "rssi": 84.93951966680639,
      "walls": 1,
      "distance": 10.592648811131617
    },
    "Bedroom 2_1357_208": {
      "rssi": 95.65749252723766,
      "walls": 2,
      "distance": 13.898502249302355
    },
    "Bedroom 3_1634_216": {
      "rssi": 99.29871550537419,
      "walls": 4,
      "distance": 18.247828765056408
    },
    "Bedroom 5_1382_467": {
      "rssi": 91.0417708300299,
      "walls": 2,
      "distance": 12.929895361923355
    },
    "Bedroom 4_1640_464": {
      "rssi": 89.06606058030233,
      "walls": 3,
      "distance": 17.36727993971346
    },
    "router": {
      "rssi": 85.54612482498376,
      "walls": 1,
      "distance": 8.351840296702598
    }
  },
  "Kitchen_935_355": {
    "Bedroom 1_436_820": {
      "rssi": 85.39195444640156,
      "walls": 1,
      "distance": 11.808468727969865
    },
    "Master Bedroom_379_537": {
      "rssi": 84.99767761508714,
      "walls": 2,
      "distance": 10.12837255549498
    },
    "Entrance_671_240": {
      "rssi": 76.2413459223379,
      "walls": 2,
      "distance": 4.985329412693832
    },
    "Living Room_643_575": {
      "rssi": 78.48517338915352,
      "walls": 0,
      "distance": 6.329491508465806
    },
    "Hallway_1326_338": {
      "rssi": 76.69743251742582,
      "walls": 0,
      "distance": 6.775610789907933
    },
    "Office_1137_214": {
      "rssi": 71.14875361416583,
      "walls": 1,
      "distance": 4.264835385655751
    },
    "Bedroom 2_1357_208": {
      "rssi": 87.66701032557026,
      "walls": 2,
      "distance": 7.736473023046222
    },
    "Bedroom 3_1634_216": {
      "rssi": 82.24181463597385,
      "walls": 2,
      "distance": 12.338435832861151
    },
    "Bedroom 5_1382_467": {
      "rssi": 86.23681908803414,
      "walls": 3,
      "distance": 7.977940540284698
    },
    "Bedroom 4_1640_464": {
      "rssi": 95.72047931403824,
      "walls": 3,
      "distance": 12.350381708736204
    },
    "router": {
      "rssi": 73.02580417815615,
      "walls": 0,
      "distance": 4.775885686372484
    }
  },
  "Hallway_1326_338": {
    "Bedroom 1_436_820": {
      "rssi": 92.65683078804575,
      "walls": 4,
      "distance": 17.522717808887855
    },
    "Master Bedroom_379_537": {
      "rssi": 94.46807711589685,
      "walls": 3,
      "distance": 16.75307822032209
    },
    "Entrance_671_240": {
      "rssi": 86.03710315998688,
      "walls": 2,
      "distance": 11.465955861766393
    },
    "Living Room_643_575": {
      "rssi": 85.50550228113487,
      "walls": 2,
      "distance": 12.51613952645875
    },
    "Kitchen_935_355": {
      "rssi": 76.69743251742582,
      "walls": 0,
      "distance": 6.775610789907933
    },
    "Office_1137_214": {
      "rssi": 82.4540998530748,
      "walls": 3,
      "distance": 3.913445554314167
    },
    "Bedroom 2_1357_208": {
      "rssi": 70.00829532426104,
      "walls": 1,
      "distance": 2.313739601826099
    },
    "Bedroom 3_1634_216": {
      "rssi": 85.70832211711387,
      "walls": 2,
      "distance": 5.735349685377878
    },
    "Bedroom 5_1382_467": {
      "rssi": 68.11959539718566,
      "walls": 1,
      "distance": 2.434679514196223
    },
    "Bedroom 4_1640_464": {
      "rssi": 81.60233055415911,
      "walls": 2,